{
    "S_GlobalGroup": {
        "sCollectorTemp": 40.3,
        "sOutsideTemp": 16.4,
        "sFlowTempHC1": 39.1,
        "sReturnTemp": 36.4,
        "sOHotGasTemp": 34.1,
        "sDhwTemp": 46.0,
        "sFlowTempHC2": 0.0,
        "sInsideTemp": 23.6,
        "sEvaporatorTemp": 28.5,
        "sCondensorTemp": 39.5,
        "sBoosterStage3": false,
        "sBoosterStage2": false,
        "sBoosterStage1": false,
        "sCompressor": false,
        "sHeatPipeValve": false,
        "sDiverterValve": false,
        "sDhwPump": false,
        "sHeatingCircuitPump": false,
        "UNPARSED_18": "000111",
        "sMixerClosed": false,
        "sMixerOpen": false,
        "sOutputVentilatorPower": 27,
        "sInputVentilatorPower": 27,
        "sMainVentilatorPower": 0,
        "sHighPressureSensor": true,
        "sLowPressureSensor": true,
        "sSignalAnode": false,
        "sOvenFireplace": false,
        "sEvaporatorIceMonitor": true,
        "UNPARSED_29": "111",
        "sOutputVentilatorSpeed": 20,
        "sInputVentilatorSpeed": 26,
        "sMainVentilatorSpeed": 0,
        "UNPARSED_33": "00000000",
        "sOutsideTempFiltered": 15.9,
        "UNPARSED_35": "00000000",
        "sRelHumidity": 0.0,
        "UNPARSED_37": "0000000000000000",
        "UNPARSED_REST": "00000000000000000000000000000000"
    },
    "S_ControlGroup": {
        "sHeatRequest": "OFF",
        "sHcStage": "OFF",
        "sDhwStage": "OFF",
        "sHeatStageControlModul": "NONE",
        "sCompBlockTime": 0.0,
        "sPasteurisationMode": 0,
        "sDefrostEvaporator": 16,
        "sBoosterStage2": false,
        "sSolarPump": false,
        "sBoosterStage1": false,
        "sCompressor": false,
        "sHeatPipeValve": false,
        "sDiverterValve": false,
        "sDhwPump": false,
        "sHeatingCircuitPump": false,
        "UNPARSED_16": "000111",
        "sMixerOpen": false,
        "sMixerClosed": false,
        "UNPARSED_19": "0000000100000001",
        "sBoostBlockTimeAfterPumpStart": 340,
        "sBoostBlockTimeAfterHD": 0
    },
    "S_HC1": {
        "sOutsideTemp": 16.4,
        "UNPARSED_1": "0000001000001101",
        "sReturnTemp": 36.4,
        "sIntegralHeat": 8.5,
        "sFlowTemp": 39.1,
        "sHeatTargetTemp": 21.7,
        "sHeatTemp": 37.1,
        "sOnHysteresisNo": 0,
        "sOffHysteresisNo": 0,
        "sHcBoosterStage": 0,
        "sSeasonMode": "WINTER",
        "UNPARSED_11": "0000000000000100",
        "sIntegralSwitch": 100,
        "sHcOpMode": "NORMAL",
        "UNPARSED_14": "0000000000000000",
        "UNPARSED_15": "0000000000000000",
        "UNPARSED_16": "1101001000000001",
        "UNPARSED_17": "0101010000000000",
        "sInsideTemp": 0.0,
        "UNPARSED_19": "1110110000000000",
        "UNPARSED_20": "0000000000000000",
        "sRoomTargetTemp": 20.5
    },
    "S_DHW": {
        "sDhwTemp": 46.0,
        "sOutsideTemp": 16.4,
        "sDhwTargetTemp": 46.0,
        "sCompBlockTimeTemp": 0.0,
        "UNPARSED_4": "0000000000011100",
        "sHeatBlockTime": 0,
        "sDhwBoosterStage": 0,
        "UNPARSED_7": "00000001",
        "sPasteurisationMode": 0,
        "sDhwOpMode": "NORMAL",
        "UNPARSED_REST": "1011110001000011"
    },
    "S_SolarGroup": {
        "sCollectorTemp": 40.3,
        "sDhwTemp": 46.0,
        "sFlowTemp": 39.1,
        "sEdSolPump": 0,
        "UNPARSED_REST": "0000000000001010000000000010011000000000000111001100110100000000"
    },
    "S_FanGroup": {
        "sAutoFanCalib": 0,
        "UNPARSED_1": "0000000000000000000000000000000000000000000000000000000000000000",
        "sAirflowTolerance": 0,
        "sInputFanSpeedCal": 0,
        "sOutputFanSpeedCal": 0,
        "sInputFanAirflowCal": 0,
        "sOutputFanAirflowCal": 0,
        "sInputFanSpeed0": 0,
        "sOutputFanSpeed0": 0,
        "sInputFanSpeed200": 0,
        "sOutputFanSpeed200": 0,
        "sAirflowCalibrationInterval": 0,
        "sTimeToCalibration": 0,
        "sInputFanSpeed": 26,
        "sOutputFanSpeed": 20,
        "sInputFanAirflowSet": 80,
        "sOutputFanAirflowSet": 80,
        "sInputFanSpeedTarget": 27,
        "sOutputFanSpeedTarget": 27,
        "UNPARSED_REST": "00000000"
    },
    "S_ProgramGroup": {
        "sOperationMode": "AUTOMATIC",
        "UNPARSED_1": "1000000100000000",
        "sProgStateHC": "NORMAL",
        "sProgStateDHW": "NORMAL",
        "sProgStateFan": "NORMAL",
        "sBaseTimeAP0": 4995,
        "sStatusAP0": 0,
        "sStartTimeAP0": 0,
        "sEndTimeAP0": 0
    },
    "S_HistoryGroup": {
        "sOperatingHours1": 672,
        "sOperatingHours2": 83,
        "sHeatingHours": 56901,
        "sDhwHours": 3706,
        "sCoolingHours": 0,
        "UNPARSED_REST": "000000000000000000000000"
    }
}