{
    "S_GlobalGroup": {
        "sCollectorTemp": 15.6,
        "sOutsideTemp": 15.3,
        "sFlowTempHC1": 24.0,
        "sReturnTemp": 23.1,
        "sOHotGasTemp": 25.1,
        "sDhwTemp": 46.1,
        "sFlowTempHC2": 0.0,
        "sInsideTemp": 23.7,
        "sEvaporatorTemp": 22.2,
        "sCondensorTemp": 23.8,
        "sBoosterStage3": false,
        "sBoosterStage2": false,
        "sBoosterStage1": false,
        "sCompressor": false,
        "sHeatPipeValve": false,
        "sDiverterValve": false,
        "sDhwPump": false,
        "sHeatingCircuitPump": true,
        "UNPARSED_18": "000111",
        "sMixerClosed": false,
        "sMixerOpen": false,
        "sOutputVentilatorPower": 27,
        "sInputVentilatorPower": 27,
        "sMainVentilatorPower": 0,
        "sHighPressureSensor": true,
        "sLowPressureSensor": true,
        "sSignalAnode": false,
        "sOvenFireplace": false,
        "sEvaporatorIceMonitor": true,
        "UNPARSED_29": "100",
        "sOutputVentilatorSpeed": 21,
        "sInputVentilatorSpeed": 29,
        "sMainVentilatorSpeed": 0,
        "UNPARSED_33": "00000000",
        "sOutsideTempFiltered": 15.5,
        "UNPARSED_35": "00000000",
        "sRelHumidity": 0.0,
        "UNPARSED_37": "0000000000000000",
        "UNPARSED_REST": "00000000000000000000000000000000"
    },
    "S_ControlGroup": {
        "sHeatRequest": "OFF",
        "sHcStage": "OFF",
        "sDhwStage": "OFF",
        "sHeatStageControlModul": "NONE",
        "sCompBlockTime": 0.0,
        "sPasteurisationMode": 0,
        "sDefrostEvaporator": 16,
        "sBoosterStage2": false,
        "sSolarPump": false,
        "sBoosterStage1": false,
        "sCompressor": false,
        "sHeatPipeValve": false,
        "sDiverterValve": false,
        "sDhwPump": false,
        "sHeatingCircuitPump": true,
        "UNPARSED_16": "000001",
        "sMixerOpen": false,
        "sMixerClosed": false,
        "UNPARSED_19": "0000000100000001",
        "sBoostBlockTimeAfterPumpStart": 471,
        "sBoostBlockTimeAfterHD": 0
    },
    "S_HC1": {
        "sOutsideTemp": 15.3,
        "UNPARSED_1": "0000000100111100",
        "sReturnTemp": 23.1,
        "sIntegralHeat": 4.9,
        "sFlowTemp": 24.0,
        "sHeatTargetTemp": 21.8,
        "sHeatTemp": 23.3,
        "sOnHysteresisNo": 0,
        "sOffHysteresisNo": 0,
        "sHcBoosterStage": 0,
        "sSeasonMode": "WINTER",
        "UNPARSED_11": "0000000100011100",
        "sIntegralSwitch": 100,
        "sHcOpMode": "RESTART",
        "UNPARSED_14": "0000000000000000",
        "UNPARSED_15": "0000000000000000",
        "UNPARSED_16": "1101001000000001",
        "UNPARSED_17": "1101011100000000",
        "sInsideTemp": 0.0,
        "UNPARSED_19": "1110110000000000",
        "UNPARSED_20": "0000000000000000",
        "sRoomTargetTemp": 20.5
    },
    "S_DHW": {
        "sDhwTemp": 46.1,
        "sOutsideTemp": 15.3,
        "sDhwTargetTemp": 46.0,
        "sCompBlockTimeTemp": 0.0,
        "UNPARSED_4": "0000000100011100",
        "sHeatBlockTime": 0,
        "sDhwBoosterStage": 0,
        "UNPARSED_7": "00000100",
        "sPasteurisationMode": 0,
        "sDhwOpMode": "RESTART",
        "UNPARSED_REST": "1011101101001000"
    },
    "S_SolarGroup": {
        "sCollectorTemp": 15.8,
        "sDhwTemp": 46.1,
        "sFlowTemp": 24.0,
        "sEdSolPump": 0,
        "UNPARSED_REST": "0000000000001010000000000010011000000001000111001100111000000000"
    },
    "S_FanGroup": {
        "sAutoFanCalib": 0,
        "UNPARSED_1": "0000000000000000000000000000000000000000000000000000000000000000",
        "sAirflowTolerance": 0,
        "sInputFanSpeedCal": 0,
        "sOutputFanSpeedCal": 0,
        "sInputFanAirflowCal": 0,
        "sOutputFanAirflowCal": 0,
        "sInputFanSpeed0": 0,
        "sOutputFanSpeed0": 0,
        "sInputFanSpeed200": 0,
        "sOutputFanSpeed200": 0,
        "sAirflowCalibrationInterval": 0,
        "sTimeToCalibration": 0,
        "sInputFanSpeed": 29,
        "sOutputFanSpeed": 21,
        "sInputFanAirflowSet": 80,
        "sOutputFanAirflowSet": 80,
        "sInputFanSpeedTarget": 27,
        "sOutputFanSpeedTarget": 27,
        "UNPARSED_REST": "00000000"
    },
    "S_ProgramGroup": {
        "sOperationMode": "AUTOMATIC",
        "UNPARSED_1": "1000000100000001",
        "sProgStateHC": "RESTART",
        "sProgStateDHW": "RESTART",
        "sProgStateFan": "NORMAL",
        "sBaseTimeAP0": 4744,
        "sStatusAP0": 0,
        "sStartTimeAP0": 0,
        "sEndTimeAP0": 0
    },
    "S_HistoryGroup": {
        "sOperatingHours1": 672,
        "sOperatingHours2": 79,
        "sHeatingHours": 56901,
        "sDhwHours": 3706,
        "sCoolingHours": 0,
        "UNPARSED_REST": "000000000000000000000000"
    }
}