{
    "S_GlobalGroup": {
        "sCollectorTemp": 15.6,
        "sOutsideTemp": 15.0,
        "sFlowTempHC1": 24.3,
        "sReturnTemp": 23.0,
        "sOHotGasTemp": 25.2,
        "sDhwTemp": 46.6,
        "sFlowTempHC2": 0.0,
        "sInsideTemp": 23.8,
        "sEvaporatorTemp": 21.6,
        "sCondensorTemp": 23.7,
        "sBoosterStage3": false,
        "sBoosterStage2": false,
        "sBoosterStage1": false,
        "sCompressor": false,
        "sHeatPipeValve": false,
        "sDiverterValve": false,
        "sDhwPump": false,
        "sHeatingCircuitPump": false,
        "UNPARSED_18": "000001",
        "sMixerClosed": false,
        "sMixerOpen": false,
        "sOutputVentilatorPower": 27,
        "sInputVentilatorPower": 27,
        "sMainVentilatorPower": 0,
        "sHighPressureSensor": true,
        "sLowPressureSensor": true,
        "sSignalAnode": false,
        "sOvenFireplace": false,
        "sEvaporatorIceMonitor": true,
        "UNPARSED_29": "000",
        "sOutputVentilatorSpeed": 20,
        "sInputVentilatorSpeed": 28,
        "sMainVentilatorSpeed": 0,
        "UNPARSED_33": "00000000",
        "sOutsideTempFiltered": 15.4,
        "UNPARSED_35": "00000000",
        "sRelHumidity": 0.0,
        "UNPARSED_37": "0000000000000000",
        "UNPARSED_REST": "00000000000000000000000000000000"
    },
    "S_ControlGroup": {
        "sHeatRequest": "OFF",
        "sHcStage": "OFF",
        "sDhwStage": "OFF",
        "sHeatStageControlModul": "NONE",
        "sCompBlockTime": 0.0,
        "sPasteurisationMode": 0,
        "sDefrostEvaporator": 16,
        "sBoosterStage2": false,
        "sSolarPump": false,
        "sBoosterStage1": false,
        "sCompressor": false,
        "sHeatPipeValve": false,
        "sDiverterValve": false,
        "sDhwPump": false,
        "sHeatingCircuitPump": false,
        "UNPARSED_16": "000111",
        "sMixerOpen": false,
        "sMixerClosed": false,
        "UNPARSED_19": "0000000100000001",
        "sBoostBlockTimeAfterPumpStart": 116,
        "sBoostBlockTimeAfterHD": 0
    },
    "S_HC1": {
        "sOutsideTemp": 15.0,
        "UNPARSED_1": "0000000101111110",
        "sReturnTemp": 23.0,
        "sIntegralHeat": 5.3,
        "sFlowTemp": 24.3,
        "sHeatTargetTemp": 21.7,
        "sHeatTemp": 23.3,
        "sOnHysteresisNo": 0,
        "sOffHysteresisNo": 0,
        "sHcBoosterStage": 0,
        "sSeasonMode": "WINTER",
        "UNPARSED_11": "0000000000011100",
        "sIntegralSwitch": 100,
        "sHcOpMode": "RESTART",
        "UNPARSED_14": "0000000000000000",
        "UNPARSED_15": "0000000000000000",
        "UNPARSED_16": "1101001000000000",
        "UNPARSED_17": "0111010000000000",
        "sInsideTemp": 0.0,
        "UNPARSED_19": "1110111000000000",
        "UNPARSED_20": "0000000000000000",
        "sRoomTargetTemp": 20.4
    },
    "S_DHW": {
        "sDhwTemp": 46.6,
        "sOutsideTemp": 15.0,
        "sDhwTargetTemp": 46.0,
        "sCompBlockTimeTemp": 0.0,
        "UNPARSED_4": "0000000000000100",
        "sHeatBlockTime": 0,
        "sDhwBoosterStage": 0,
        "UNPARSED_7": "00000100",
        "sPasteurisationMode": 0,
        "sDhwOpMode": "RESTART",
        "UNPARSED_REST": "1011101101001110"
    },
    "S_SolarGroup": {
        "sCollectorTemp": 15.5,
        "sDhwTemp": 46.6,
        "sFlowTemp": 24.3,
        "sEdSolPump": 0,
        "UNPARSED_REST": "0000000000001010000000000010011000000000000111001100101000000000"
    },
    "S_FanGroup": {
        "sAutoFanCalib": 0,
        "UNPARSED_1": "0000000000000000000000000000000000000000000000000000000000000000",
        "sAirflowTolerance": 0,
        "sInputFanSpeedCal": 0,
        "sOutputFanSpeedCal": 0,
        "sInputFanAirflowCal": 0,
        "sOutputFanAirflowCal": 0,
        "sInputFanSpeed0": 0,
        "sOutputFanSpeed0": 0,
        "sInputFanSpeed200": 0,
        "sOutputFanSpeed200": 0,
        "sAirflowCalibrationInterval": 0,
        "sTimeToCalibration": 0,
        "sInputFanSpeed": 28,
        "sOutputFanSpeed": 20,
        "sInputFanAirflowSet": 80,
        "sOutputFanAirflowSet": 80,
        "sInputFanSpeedTarget": 27,
        "sOutputFanSpeedTarget": 27,
        "UNPARSED_REST": "00000000"
    },
    "S_ProgramGroup": {
        "sOperationMode": "AUTOMATIC",
        "UNPARSED_1": "1000000100000001",
        "sProgStateHC": "RESTART",
        "sProgStateDHW": "RESTART",
        "sProgStateFan": "NORMAL",
        "sBaseTimeAP0": 4750,
        "sStatusAP0": 0,
        "sStartTimeAP0": 0,
        "sEndTimeAP0": 0
    },
    "S_HistoryGroup": {
        "sOperatingHours1": 672,
        "sOperatingHours2": 79,
        "sHeatingHours": 56901,
        "sDhwHours": 3706,
        "sCoolingHours": 0,
        "UNPARSED_REST": "000000000000000000000000"
    }
}