{
    "S_GlobalGroup": {
        "sCollectorTemp": 31.9,
        "sOutsideTemp": 15.8,
        "sFlowTempHC1": 46.4,
        "sReturnTemp": 43.5,
        "sOHotGasTemp": 72.4,
        "sDhwTemp": 44.0,
        "sFlowTempHC2": 0.0,
        "sInsideTemp": 23.1,
        "sEvaporatorTemp": 3.5,
        "sCondensorTemp": 47.3,
        "sBoosterStage3": false,
        "sBoosterStage2": false,
        "sBoosterStage1": false,
        "sCompressor": true,
        "sHeatPipeValve": false,
        "sDiverterValve": false,
        "sDhwPump": true,
        "sHeatingCircuitPump": false,
        "UNPARSED_18": "000110",
        "sMixerClosed": false,
        "sMixerOpen": false,
        "sOutputVentilatorPower": 27,
        "sInputVentilatorPower": 27,
        "sMainVentilatorPower": 153,
        "sHighPressureSensor": true,
        "sLowPressureSensor": true,
        "sSignalAnode": false,
        "sOvenFireplace": false,
        "sEvaporatorIceMonitor": true,
        "UNPARSED_29": "010",
        "sOutputVentilatorSpeed": 10,
        "sInputVentilatorSpeed": 30,
        "sMainVentilatorSpeed": 17,
        "UNPARSED_33": "00000000",
        "sOutsideTempFiltered": 15.5,
        "UNPARSED_35": "00000000",
        "sRelHumidity": 0.0,
        "UNPARSED_37": "0000000000000000",
        "UNPARSED_REST": "00000000000000000000000100000001"
    },
    "S_ControlGroup": {
        "sHeatRequest": "DHW",
        "sHcStage": "OFF",
        "sDhwStage": "SOLAR",
        "sHeatStageControlModul": "DHW",
        "sCompBlockTime": 91.3,
        "sPasteurisationMode": 0,
        "sDefrostEvaporator": 16,
        "sBoosterStage2": false,
        "sSolarPump": false,
        "sBoosterStage1": false,
        "sCompressor": true,
        "sHeatPipeValve": false,
        "sDiverterValve": false,
        "sDhwPump": true,
        "sHeatingCircuitPump": false,
        "UNPARSED_16": "000000",
        "sMixerOpen": false,
        "sMixerClosed": false,
        "UNPARSED_19": "0000000100000001",
        "sBoostBlockTimeAfterPumpStart": 313,
        "sBoostBlockTimeAfterHD": 0
    },
    "S_HC1": {
        "sOutsideTemp": 15.8,
        "UNPARSED_1": "0000000100001110",
        "sReturnTemp": 43.5,
        "sIntegralHeat": 6.4,
        "sFlowTemp": 46.4,
        "sHeatTargetTemp": 22.1,
        "sHeatTemp": 44.3,
        "sOnHysteresisNo": 0,
        "sOffHysteresisNo": 0,
        "sHcBoosterStage": 0,
        "sSeasonMode": "WINTER",
        "UNPARSED_11": "0001001000011100",
        "sIntegralSwitch": 100,
        "sHcOpMode": "NORMAL",
        "UNPARSED_14": "0000000000000000",
        "UNPARSED_15": "0000000000000000",
        "UNPARSED_16": "1101001000000001",
        "UNPARSED_17": "0011100100000000",
        "sInsideTemp": 0.0,
        "UNPARSED_19": "1110011100000000",
        "UNPARSED_20": "0000000000000000",
        "sRoomTargetTemp": 20.8
    },
    "S_DHW": {
        "sDhwTemp": 44.0,
        "sOutsideTemp": 15.8,
        "sDhwTargetTemp": 46.0,
        "sCompBlockTimeTemp": 91.3,
        "UNPARSED_4": "0001001000000000",
        "sHeatBlockTime": 3313,
        "sDhwBoosterStage": 1,
        "UNPARSED_7": "00000001",
        "sPasteurisationMode": 0,
        "sDhwOpMode": "NORMAL",
        "UNPARSED_REST": "1011101111101010"
    },
    "S_SolarGroup": {
        "sCollectorTemp": 32.4,
        "sDhwTemp": 44.2,
        "sFlowTemp": 46.6,
        "sEdSolPump": 0,
        "UNPARSED_REST": "0000000000001010000000000010011000010010000111001100101100000000"
    },
    "S_FanGroup": {
        "sAutoFanCalib": 0,
        "UNPARSED_1": "0000000000000000000000000000000000000000000000000000000000000000",
        "sAirflowTolerance": 0,
        "sInputFanSpeedCal": 0,
        "sOutputFanSpeedCal": 0,
        "sInputFanAirflowCal": 0,
        "sOutputFanAirflowCal": 0,
        "sInputFanSpeed0": 0,
        "sOutputFanSpeed0": 0,
        "sInputFanSpeed200": 0,
        "sOutputFanSpeed200": 0,
        "sAirflowCalibrationInterval": 0,
        "sTimeToCalibration": 0,
        "sInputFanSpeed": 30,
        "sOutputFanSpeed": 10,
        "sInputFanAirflowSet": 80,
        "sOutputFanAirflowSet": 80,
        "sInputFanSpeedTarget": 27,
        "sOutputFanSpeedTarget": 27,
        "UNPARSED_REST": "00000000"
    },
    "S_ProgramGroup": {
        "sOperationMode": "AUTOMATIC",
        "UNPARSED_1": "1000000100000000",
        "sProgStateHC": "NORMAL",
        "sProgStateDHW": "NORMAL",
        "sProgStateFan": "NORMAL",
        "sBaseTimeAP0": 4906,
        "sStatusAP0": 0,
        "sStartTimeAP0": 0,
        "sEndTimeAP0": 0
    },
    "S_HistoryGroup": {
        "sOperatingHours1": 672,
        "sOperatingHours2": 81,
        "sHeatingHours": 56901,
        "sDhwHours": 3706,
        "sCoolingHours": 0,
        "UNPARSED_REST": "000000000000000000000000"
    }
}